{"IcoMoonType":"selection","icons":[{"icon":{"paths":["M475.802 663.040l36.198 36.198 289.638-289.638-72.397-72.397-217.242 217.19-217.242-217.19-72.397 72.397z"],"attrs":[],"isMulticolor":false,"isMulticolor2":false,"tags":["cheveron-down"],"grid":20},"attrs":[],"properties":{"id":76,"order":39,"prevSize":20,"code":59648,"name":"cheveron-down"},"setIdx":0,"setId":3,"iconIdx":75},{"icon":{"paths":["M360.96 475.802l-36.198 36.198 289.638 289.638 72.397-72.397-217.19-217.242 217.19-217.242-72.397-72.397z"],"attrs":[],"isMulticolor":false,"isMulticolor2":false,"tags":["cheveron-left"],"grid":20},"attrs":[],"properties":{"id":77,"order":41,"prevSize":20,"code":59649,"name":"cheveron-left"},"setIdx":0,"setId":3,"iconIdx":76},{"icon":{"paths":["M1024 512c0 282.77-229.23 512-512 512s-512-229.23-512-512v0c0-282.77 229.23-512 512-512s512 229.23 512 512v0zM512 102.4c-226.216 0-409.6 183.384-409.6 409.6s183.384 409.6 409.6 409.6v0c226.216 0 409.6-183.384 409.6-409.6s-183.384-409.6-409.6-409.6v0zM476.16 642.048l-181.76-181.248 72.192-72.192 145.408 143.872 144.896-144.384 72.192 72.704-217.088 217.088-35.84-35.84z"],"attrs":[],"isMulticolor":false,"isMulticolor2":false,"tags":["cheveron-outline-down"],"grid":20},"attrs":[],"properties":{"id":78,"order":43,"prevSize":20,"code":59652,"name":"cheveron-outline-down"},"setIdx":0,"setId":3,"iconIdx":77},{"icon":{"paths":["M512 1024c-282.77 0-512-229.23-512-512s229.23-512 512-512v0c282.77 0 512 229.23 512 512s-229.23 512-512 512v0zM921.6 512c0-226.216-183.384-409.6-409.6-409.6s-409.6 183.384-409.6 409.6v0c0 226.216 183.384 409.6 409.6 409.6s409.6-183.384 409.6-409.6v0zM381.952 476.16l181.248-181.76 72.192 72.192-143.872 145.408 144.384 144.896-72.704 72.192-217.088-217.088 35.84-35.84z"],"attrs":[],"isMulticolor":false,"isMulticolor2":false,"tags":["cheveron-outline-left"],"grid":20},"attrs":[],"properties":{"id":79,"order":44,"prevSize":20,"code":59653,"name":"cheveron-outline-left"},"setIdx":0,"setId":3,"iconIdx":78},{"icon":{"paths":["M512 0c282.77 0 512 229.23 512 512s-229.23 512-512 512v0c-282.77 0-512-229.23-512-512s229.23-512 512-512v0zM102.4 512c0 226.216 183.384 409.6 409.6 409.6s409.6-183.384 409.6-409.6v0c0-226.216-183.384-409.6-409.6-409.6s-409.6 183.384-409.6 409.6v0zM642.048 547.84l-181.248 181.76-72.192-72.192 143.872-145.408-143.36-144.896 71.68-72.192 217.088 217.088-35.84 35.84z"],"attrs":[],"isMulticolor":false,"isMulticolor2":false,"tags":["cheveron-outline-right"],"grid":20},"attrs":[],"properties":{"id":80,"order":45,"prevSize":20,"code":59654,"name":"cheveron-outline-right"},"setIdx":0,"setId":3,"iconIdx":79},{"icon":{"paths":["M0 512c0-282.77 229.23-512 512-512s512 229.23 512 512v0c0 282.77-229.23 512-512 512s-512-229.23-512-512v0zM512 921.6c226.216 0 409.6-183.384 409.6-409.6s-183.384-409.6-409.6-409.6v0c-226.216 0-409.6 183.384-409.6 409.6s183.384 409.6 409.6 409.6v0zM547.84 381.952l181.76 181.248-72.192 72.192-145.408-143.872-144.896 143.36-72.192-71.68 217.088-217.088 35.84 35.84z"],"attrs":[],"isMulticolor":false,"isMulticolor2":false,"tags":["cheveron-outline-up"],"grid":20},"attrs":[],"properties":{"id":81,"order":46,"prevSize":20,"code":59655,"name":"cheveron-outline-up"},"setIdx":0,"setId":3,"iconIdx":80},{"icon":{"paths":["M663.040 548.198l36.198-36.198-289.638-289.638-72.397 72.397 217.19 217.242-217.19 217.242 72.397 72.397 253.44-253.44z"],"attrs":[],"isMulticolor":false,"isMulticolor2":false,"tags":["cheveron-right"],"grid":20},"attrs":[],"properties":{"id":82,"order":42,"prevSize":20,"code":59650,"name":"cheveron-right"},"setIdx":0,"setId":3,"iconIdx":81},{"icon":{"paths":["M548.198 360.96l-36.198-36.198-289.638 289.638 72.397 72.397 217.242-217.19 217.242 217.19 72.397-72.397z"],"attrs":[],"isMulticolor":false,"isMulticolor2":false,"tags":["cheveron-up"],"grid":20},"attrs":[],"properties":{"id":83,"order":40,"prevSize":20,"code":59651,"name":"cheveron-up"},"setIdx":0,"setId":3,"iconIdx":82}],"height":1024,"metadata":{"name":"icomoon"},"preferences":{"showGlyphs":true,"showQuickUse":false,"showQuickUse2":true,"showSVGs":true,"fontPref":{"prefix":"icon-","metadata":{"fontFamily":"icomoon"},"metrics":{"emSize":1024,"baseline":6.25,"whitespace":50},"embed":false,"autoHost":true},"imagePref":{"prefix":"icon-","png":true,"useClassSelector":true,"color":0,"bgColor":16777215,"classSelector":".icon"},"historySize":50,"showCodes":true,"gridSize":16,"quickUsageToken":{"UntitledProject":"YmJhMGZkNmRkZWZkMjUxMWYzODk3YjE0NDgwN2ZhNDQjMSMxNTc0MzQ1NDQ1IyMj"}}}